Integration Time (ms),330
Wavelength,Watts/Count,Count,Watts
336.6691,0,0,0
337.124537657627,0,0,0
337.580014467521,0,0,0
338.0355304252,0,0,0
338.491085526184,0,0,0
338.946679765991,0,0,0
339.402313140139,0,0,0
339.857985644148,0,0,0
340.313697273536,0,0,0
340.769448023822,0,0,0
341.225237890524,0,0,0
341.681066869162,0,0,0
342.136934955255,0,0,0
342.59284214432,0,0,0
343.048788431877,0,0,0
343.504773813444,0,0,0
343.960798284541,0,0,0
344.416861840685,0,0,0
344.872964477396,0,0,0
345.329106190193,0,0,0
345.785286974593,0,0,0
346.241506826117,0,0,0
346.697765740282,0,0,0
347.154063712608,0,0,0
347.610400738612,0,0,0
348.066776813815,0,0,0
348.523191933734,0,0,0
348.979646093889,0,0,0
349.436139289798,0,0,0
349.892671516979,0,0,0
350.349242770952,0,0,0
350.805853047236,0,0,0
351.262502341348,0,0,0
351.719190648809,0,0,0
352.175917965136,0,0,0
352.632684285848,0,0,0
353.089489606465,0,0,0
353.546333922504,0,0,0
354.003217229485,0,0,0
354.460139522926,0,0,0
354.917100798346,0,0,0
355.374101051264,0,0,0
355.831140277199,0,0,0
356.288218471669,0,0,0
356.745335630192,0,0,0
357.202491748289,0,0,0
357.659686821477,0,0,0
358.116920845276,0,0,0
358.574193815203,0,0,0
359.031505726778,0,0,0
359.48885657552,0,0,0
359.946246356947,0,0,0
360.403675066578,0,0,0
360.861142699932,0,0,0
361.318649252527,0,0,0
361.776194719882,0,0,0
362.233779097517,0,0,0
362.691402380949,0,0,0
363.149064565697,0,0,0
363.606765647281,0,0,0
364.064505621219,0,0,0
364.522284483029,0,0,0
364.980102228231,0,0,0
365.437958852343,0,0,0
365.895854350884,0,0,0
366.353788719372,0,0,0
366.811761953328,0,0,0
367.269774048268,0,0,0
367.727824999712,0,0,0
368.185914803179,0,0,0
368.644043454187,0,0,0
369.102210948255,0,0,0
369.560417280903,0,0,0
370.018662447647,0,0,0
370.476946444009,0,0,0
370.935269265505,0,0,0
371.393630907655,0,0,0
371.852031365978,0,0,0
372.310470635992,0,0,0
372.768948713217,0,0,0
373.22746559317,0,0,0
373.686021271371,0,0,0
374.144615743338,0,0,0
374.60324900459,0,0,0
375.061921050646,0,0,0
375.520631877025,0,0,0
375.979381479245,0,0,0
376.438169852825,0,0,0
376.896996993284,0,0,0
377.35586289614,0,0,0
377.814767556913,0,0,0
378.27371097112,0,0,0
378.732693134282,0,0,0
379.191714041916,0,0,0
379.650773689541,0,0,0
380.109872072677,0,0,0
380.569009186841,0,0,0
381.028185027553,0,0,0
381.48739959033,0,0,0
381.946652870693,0,0,0
382.40594486416,0,0,0
382.865275566249,0,0,0
383.32464497248,0,0,0
383.78405307837,0,0,0
384.243499879439,0,0,0
384.702985371206,0,0,0
385.162509549189,0,0,0
385.622072408906,0,0,0
386.081673945878,0,0,0
386.541314155622,0,0,0
387.000993033657,0,0,0
387.460710575502,0,0,0
387.920466776676,0,0,0
388.380261632697,0,0,0
388.840095139085,0,0,0
389.299967291357,0,0,0
389.759878085033,0,0,0
390.219827515631,0,0,0
390.679815578671,0,0,0
391.13984226967,0,0,0
391.599907584148,0,0,0
392.060011517624,0,0,0
392.520154065616,0,0,0
392.980335223642,0,0,0
393.440554987222,0,0,0
393.900813351875,0,0,0
394.361110313119,0,0,0
394.821445866472,0,0,0
395.281820007454,0,0,0
395.742232731584,0,0,0
396.20268403438,0,0,0
396.66317391136,0,0,0
397.123702358044,0,0,0
397.58426936995,0,0,0
398.044874942598,0,0,0
398.505519071505,0,0,0
398.966201752191,0,0,0
399.426922980174,0,0,0
399.887682750973,0,0,0
400.348481060107,0.00014781084184238,13.6666666666681,0.002020082
400.809317903095,0.000186235311691862,12.3809523809525,0.002305771
401.270193275455,0.000208422973751962,11.9047619047653,0.002481226
401.731107172706,0.00025072423482517,10.2857142857158,0.002578878
402.192059590367,0.000274645820768062,8.90476190476124,0.002445656
402.653050523956,0.000219853287317759,9.04761904761426,0.001989149
403.114079968992,0.000167237587551133,10.0476190476227,0.00168034
403.575147920995,0.000190237908860507,9.57142857142412,0.001820849
404.036254375482,0.000206585872723756,9.5714285714289,0.001977322
404.497399327973,0.000216604846840157,10.7142857142831,0.002320766
404.958582773986,0.000226514239565515,11.7619047619041,0.002664239
405.41980470904,0.000215136305135004,12.6666666666629,0.00272506
405.881065128654,0.00019114816303147,14.4285714285759,0.002757995
406.342364028346,0.00015291154850273,16.6666666666681,0.002548526
406.803701403636,0.000122039325621688,18.4761904761936,0.002254822
407.265077250041,0.000118955161030365,18.9999999999984,0.002260148
407.726491563081,0.000133912881406453,18.5714285714287,0.002486954
408.187944338275,0.000136080982928909,19.2380952380929,0.002617939
408.649435571141,0.000125397029236915,20.8095238095236,0.002609452
409.110965257198,0.000129829657065573,20.3333333333337,0.00263987
409.572533391964,0.000133009849204925,20.9999999999966,0.002793207
410.034139970959,0.00013469124524671,21.6190476190452,0.002911896
410.495784989702,0.000107550591274474,24.1428571428582,0.002596579
410.95746844371,8.97114638636608E-05,25.4285714285766,0.002281234
411.419190328503,0.000113068639980969,27.9047619047644,0.003155153
411.880950639599,0.000131442327456899,31.5714285714314,0.004149822
412.342749372517,0.000121937812174734,35.4761904761883,0.004325889
412.804586522777,0.000111688960174473,37.7619047619075,0.004217588
413.266462085896,9.45942923426549E-05,41.6666666666702,0.003941429
413.728376057393,7.86310692867103E-05,45.0476190476204,0.003542142
414.190328432788,7.26364847848997E-05,49.8571428571458,0.003621448
414.652319207598,7.98451130222694E-05,54.9047619047606,0.004383877
415.114348377343,8.46234541026978E-05,59.2380952380977,0.005012932
415.576415937542,7.99142090240978E-05,65.5238095238053,0.005236283
416.038521883712,7.40714781975514E-05,73.5238095238119,0.005446017
416.500666211374,6.84964749189647E-05,80.3809523809548,0.005505812
416.962848916045,6.17747541111423E-05,90.0952380952365,0.005565611
417.425069993245,6.67451581217786E-05,100.047619047617,0.006677694
417.887329438491,7.06741126631213E-05,111.523809523805,0.007881846
418.349627247304,6.6257509625638E-05,122.666666666667,0.008127588
418.811963415201,5.97154977764248E-05,135.047619047619,0.008064436
419.274337937701,5.7150362213205E-05,148.857142857142,0.00850724
419.736750810324,5.65734656025135E-05,164.333333333335,0.009296906
420.199202028587,5.61180515385315E-05,179.476190476186,0.01007185
420.66169158801,5.56198264510474E-05,194.666666666662,0.01082733
421.124219484111,5.44512904752848E-05,211.571428571425,0.01152034
421.58678571241,5.2448206827237E-05,229.619047619043,0.01204311
422.049390268424,5.07307440779404E-05,248.428571428576,0.01260297
422.512033147672,5.02717326770531E-05,267.999999999996,0.01347282
422.974714345675,4.95880535243475E-05,289.238095238092,0.01434275
423.437433857949,5.00602986196144E-05,313.09523809524,0.01567364
423.900191680013,5.05236510688895E-05,337.095238095241,0.01703128
424.362987807388,5.01878001681407E-05,360.57142857143,0.01809629
424.825822235591,4.92318986835752E-05,387.57142857143,0.01908088
425.28869496014,4.7906269552266E-05,417.952380952379,0.02002254
425.751605976556,4.64706023187676E-05,450.571428571426,0.02093833
426.214555280356,4.58913889524691E-05,485.285714285712,0.02227044
426.677542867059,4.62572158298786E-05,520.666666666666,0.02408459
427.140568732185,4.56403265133566E-05,564.380952380952,0.02575853
427.603632871251,4.44123987435402E-05,610.428571428571,0.0271106
428.066735279776,4.31605733436146E-05,663.095238095234,0.02861957
428.52987595328,4.32676681090352E-05,717.857142857139,0.03106
428.993054887281,4.32585299927642E-05,774.42857142857,0.03350064
429.456272077297,4.15237906444476E-05,833.714285714281,0.03461898
429.919527518848,3.96627769481686E-05,900.523809523813,0.03571727
430.382821207453,3.92932064379148E-05,965.2380952381,0.0379273
430.846153138629,3.90743034682185E-05,1033.19047619048,0.0403712
431.309523307896,3.86595441246878E-05,1102.61904761905,0.04262675
431.772931710772,3.8110376811153E-05,1175.2380952381,0.04478877
432.236378342777,3.80935012521258E-05,1244.80952380953,0.04741915
432.699863199429,3.83429927229492E-05,1317.04761904762,0.05049955
433.163386276246,3.8289118907973E-05,1389.52380952381,0.05320364
433.626947568747,3.7756498404123E-05,1462.42857142857,0.05521618
434.090547072452,3.72669297830136E-05,1539.28571428571,0.05736445
434.554184782879,3.71379213862989E-05,1617.5238095238,0.06007147
435.017860695547,3.70355841634569E-05,1695.19047619047,0.06278237
435.481574805974,3.67569442602803E-05,1784.28571428572,0.06558489
435.945327109679,3.64197624466431E-05,1877.76190476191,0.06838764
436.409117602181,3.59026844542264E-05,1971.61904761905,0.07078642
436.872946278998,3.52650706649069E-05,2073.76190476191,0.07313136
437.336813135651,3.48971352382564E-05,2184.95238095238,0.07624858
437.800718167656,3.46817314554348E-05,2296.80952380952,0.07965733
438.264661370533,3.42815470032087E-05,2418.14285714286,0.08289768
438.728642739801,3.37198369979181E-05,2550.76190476191,0.08601128
439.192662270978,3.35545573060293E-05,2678.95238095238,0.08989106
439.656719959583,3.35905287419689E-05,2823.71428571429,0.09485006
440.120815801135,3.33493665501062E-05,2978.66666666667,0.09933665
440.584949791153,3.26870359176763E-05,3135.19047619047,0.1024801
441.049121925155,3.19690727291414E-05,3299,0.105466
441.51333219866,3.08724595736884E-05,3469.71428571429,0.1071186
441.977580607187,2.99504242914215E-05,3631.71428571429,0.1087714
442.441867146255,2.96024989081532E-05,3797.83333333333,0.1124254
442.906191811382,2.94237739137455E-05,3948.54761904762,0.1161812
443.370554598087,2.91874410160533E-05,4084.02380952381,0.1192022
443.834955501889,2.90234483339165E-05,4204.78571428571,0.1220374
444.299394518306,2.88975783277403E-05,4318.64285714286,0.1247983
444.763871642858,2.89080961995415E-05,4411.16666666667,0.1275184
445.228386871063,2.89420009524507E-05,4478.21428571428,0.1296085
445.692940198439,2.89113767516238E-05,4532.71428571428,0.131047
446.157531620507,2.88048895136633E-05,4573.95238095238,0.1317522
446.622161132783,2.84730784570187E-05,4601.80952380952,0.1310277
447.086828730788,2.82779458569637E-05,4618.85714285714,0.1306118
447.551534410039,2.85786044727494E-05,4602.71428571429,0.1315392
448.016278166056,2.89023918022527E-05,4581.76190476191,0.1324239
448.481059994357,2.89634934960097E-05,4562,0.1321315
448.945879890462,2.91534897685271E-05,4522.23809523809,0.131839
449.410737849888,2.92209938563548E-05,4476.38095238095,0.1308043
449.875633868154,2.93444422273359E-05,4418.95238095238,0.1296717
450.34056794078,2.88414101270879E-05,4356.52380952381,0.1256483
450.805540063284,2.80815658296024E-05,4293.52380952381,0.1205689
451.270550231184,2.77373013709575E-05,4208.42857142857,0.1167305
451.73559844,2.75805158415651E-05,4125.52380952381,0.1137841
452.20068468525,2.73695328304345E-05,4029.57142857142,0.1102875
452.665808962454,2.70589592541798E-05,3919.80952380952,0.106066
453.130971267128,2.68874882590284E-05,3802.42857142857,0.1022378
453.596171594794,2.71611734262177E-05,3660.14285714286,0.09941377
454.061409940969,2.7397127627023E-05,3518.90476190476,0.09640788
454.526686301171,2.73599411541689E-05,3370.14285714286,0.09220691
454.99200067092,2.75070673884951E-05,3199.38095238096,0.08800559
455.457353045735,2.78333819461346E-05,3038.76190476191,0.08457902
455.922743421134,2.82100626198732E-05,2877.19047619048,0.08116572
456.388171792636,2.87450418583636E-05,2720.38095238095,0.07819746
456.85363815576,2.92836727565777E-05,2572,0.07531761
457.319142506024,2.95315718635398E-05,2429.61904761905,0.07175047
457.784684838947,2.95481773280789E-05,2296.85714285714,0.06786794
458.250265150048,2.96896453994444E-05,2179.47619047619,0.06470788
458.715883434846,3.00238764121006E-05,2070.66666666667,0.06216944
459.181539688859,3.03426457944236E-05,1967.85714285715,0.05970999
459.647233907607,3.06182864931578E-05,1873.85714285714,0.05737429
460.112966086607,3.07412209688949E-05,1793.38095238095,0.05513072
460.578736221379,3.09793101126033E-05,1716.47619047619,0.05317525
461.044544307441,3.09636595750914E-05,1652.28571428572,0.05116081
461.510390340313,3.05808349319788E-05,1588.90476190476,0.04859003
461.976274315512,3.00133543735136E-05,1533.28571428571,0.04601905
462.442196228558,3.01403333203958E-05,1487.2380952381,0.04482585
462.90815607497,3.03246624400753E-05,1441.28571428571,0.0437065
463.374153850265,2.9910834649415E-05,1402.95238095238,0.04196348
463.840189549963,2.93676193276565E-05,1364.33333333333,0.04006722
464.306263169583,2.87531268153584E-05,1329.90476190476,0.03823892
464.772374704644,2.80394997602769E-05,1299.80952380952,0.03644601
465.238524150663,2.74512940236368E-05,1271.80952380952,0.03491282
465.70471150316,2.71878690801115E-05,1236.85714285714,0.03362751
466.170936757654,2.67615302449419E-05,1206.14285714286,0.03227823
466.637199909663,2.62136405018595E-05,1175.66666666666,0.0308185
467.103500954707,2.56530808688651E-05,1146.35714285714,0.02940759
467.569839888303,2.53380821301191E-05,1111.69047619047,0.0281681
468.03621670597,2.5106230875264E-05,1073.26190476191,0.02694556
468.502631403228,2.51476143606239E-05,1030.92857142857,0.02592539
468.969083975595,2.51246851977443E-05,991.261904761906,0.02490514
469.43557441859,2.49936338563045E-05,951.166666666671,0.02377311
469.902102727732,2.49138638687671E-05,908.452380952383,0.02263306
470.368668898538,2.52128359238811E-05,867.2380952381,0.02186553
470.835272926529,2.56591434411211E-05,826.095238095239,0.0211969
471.301914807222,2.58004188984929E-05,789.952380952379,0.0203811
471.768594536137,2.58209417127636E-05,754.619047619043,0.01948497
472.235312108793,2.56870861989608E-05,723.238095238092,0.01857788
472.702067520707,2.55079433271734E-05,692.333333333329,0.01766
473.168860767399,2.54886258454818E-05,662.809523809519,0.0168941
473.635691844388,2.57748125805738E-05,636.142857142857,0.01639646
474.102560747192,2.59837333844802E-05,612.285714285713,0.01590947
474.569467471329,2.61702817566986E-05,590.761904761907,0.01546041
475.03641201232,2.61726430011702E-05,573.428571428576,0.01500814
475.503394365682,2.60297843052108E-05,557.761904761906,0.01451842
475.970414526934,2.58377406708905E-05,542.952380952376,0.01402866
476.437472491596,2.57897660629408E-05,530.904761904764,0.01369191
476.904568255185,2.56699344164734E-05,520.66666666667,0.01336548
477.37170181322,2.52703157610741E-05,513.666666666669,0.01298052
477.838873161221,2.47485355519856E-05,508.333333333337,0.01258051
478.306082294706,2.43846944077524E-05,504.142857142856,0.01229337
478.773329209193,2.40922989365354E-05,500.809523809527,0.01206565
479.240613900202,2.36389819774756E-05,501.142857142855,0.01184651
479.707936363251,2.32067784410006E-05,501.380952380951,0.01163544
480.175296593859,2.26063356296438E-05,503.809523809526,0.01138929
480.642694587544,2.19147638709749E-05,505.809523809527,0.0110847
481.110130339826,2.12355773692592E-05,510.238095238094,0.0108352
481.577603846223,2.09504253368229E-05,513.80952380952,0.01076453
482.045115102254,2.06215089491395E-05,518.428571428567,0.01069078
482.512664103438,2.01773100419346E-05,524.761904761903,0.01058828
482.980250845293,1.97685042979614E-05,530.428571428567,0.01048578
483.447875323339,1.96316754598218E-05,534.09523809524,0.01048518
483.915537533093,1.94895381664645E-05,538.190476190471,0.01048908
484.383237470075,1.9243308004226E-05,540.666666666669,0.01040422
484.850975129803,1.89234707944506E-05,544.285714285715,0.01029977
485.318750507797,1.88644090655223E-05,547.761904761905,0.0103332
485.786563599574,1.89886625078553E-05,549.333333333331,0.01043111
486.254414400654,1.89671259195269E-05,552.619047619044,0.0104816
486.722302906555,1.88549025449345E-05,556.476190476187,0.0104923
487.190229112796,1.87426088876209E-05,563.28571428571,0.01055744
487.658193014897,1.87582918977201E-05,570.523809523814,0.01070205
488.126194608374,1.87112080600193E-05,578.142857142856,0.01081775
488.594233888749,1.84910377338867E-05,587.04761904762,0.01085512
489.062310851538,1.82917081547726E-05,596.904761904759,0.01091841
489.530425492261,1.83310037318699E-05,608.285714285715,0.01115049
489.998577806437,1.83280411575848E-05,621.04761904762,0.01138259
490.466767789584,1.82328207824195E-05,634.190476190472,0.01156308
490.934995437221,1.80654991430403E-05,650.047619047622,0.01174343
491.403260744867,1.78421300071279E-05,669.380952380948,0.01194318
491.87156370804,1.76151562868026E-05,689.523809523809,0.01214607
492.33990432226,1.74055583303487E-05,711.000000000001,0.01237535
492.808282583045,1.71460878574153E-05,735.714285714288,0.01261462
493.276698485913,1.68863062321942E-05,763.952380952385,0.01290033
493.745152026385,1.66227294611635E-05,795.190476190473,0.01321824
494.213643199977,1.64235946564858E-05,828.000000000001,0.01359874
494.68217200221,1.63155613388118E-05,861.380952380955,0.01405391
495.150738428601,1.61135356777652E-05,899.761904761907,0.01449835
495.61934247467,1.58155389721694E-05,943.380952380955,0.01492008
496.087984135935,1.5526971964573E-05,987.357142857139,0.01533067
496.556663407915,1.52087789507255E-05,1031.83333333334,0.01569293
497.025380286129,1.48978909435353E-05,1078.30952380952,0.01606454
497.494134766095,1.47538271569258E-05,1125.07142857143,0.01659911
497.962926843332,1.4538586291409E-05,1178.5,0.01713372
498.43175651336,1.42593843784571E-05,1227.7380952381,0.01750679
498.900623771696,1.40013109376906E-05,1276.02380952381,0.01786601
499.36952861386,1.38336406810403E-05,1328.2380952381,0.01837437
499.83847103537,1.3707498060851E-05,1380.47619047619,0.01892287
500.307451031745,1.36500474510553E-05,1430.28571428571,0.01952347
500.776468598504,1.36110268796592E-05,1480.52380952381,0.02015145
501.245523731165,1.34703166258671E-05,1530.33333333333,0.02061407
501.714616425247,1.32411940956534E-05,1580.38095238095,0.02092613
502.183746676269,1.30865249290187E-05,1633.09523809524,0.02137154
502.652914479751,1.31073434908583E-05,1680.28571428571,0.02202408
503.122119831209,1.30814791825943E-05,1729.71428571428,0.02262722
503.591362726164,1.29596904352293E-05,1781.66666666667,0.02308985
504.060643160133,1.28533051510587E-05,1834.52380952381,0.02357969
504.529961128636,1.28971321744598E-05,1880.47619047619,0.02425275
504.999316627192,1.28799973341717E-05,1935.2380952381,0.02492586
505.468709651319,1.28609993550596E-05,1985.57142857143,0.02553643
505.938140196536,1.28372148060106E-05,2036.80952380952,0.02614696
506.407608258361,1.2802246394268E-05,2092.2380952381,0.02678535
506.877113832314,1.27790060972164E-05,2146.33333333333,0.02742801
507.346656913913,1.26451088356578E-05,2200.09523809523,0.02782044
507.816237498677,1.24571920013245E-05,2257.66666666666,0.02812419
508.285855582124,1.23709254600949E-05,2307.85714285714,0.02855033
508.755511159774,1.22904369316981E-05,2364.04761904762,0.02905518
509.225204227145,1.21968162032701E-05,2420.85714285714,0.02952675
509.694934779756,1.20829170592741E-05,2479.71428571429,0.02996218
510.164702813125,1.19945624193154E-05,2530.95238095238,0.03035767
510.634508322772,1.18882792015206E-05,2580.61904761905,0.03067912
511.104351304215,1.1753296642732E-05,2637.28571428571,0.0309968
511.574231752972,1.16342803976549E-05,2690.42857142857,0.0313012
512.044149664564,1.15430186624112E-05,2738.09523809524,0.03160588
512.514105034507,1.14428663381202E-05,2788.90476190476,0.03191306
512.984097858322,1.14177242775096E-05,2821.95238095239,0.03222027
513.454128131527,1.139672431268E-05,2864.28571428572,0.03264347
513.92419584964,1.13797966607426E-05,2906.09523809524,0.03307077
514.394301008181,1.13483708933499E-05,2928.47619047619,0.03323343
514.864443602667,1.12879773021042E-05,2954.04761904762,0.03334522
515.334623628618,1.12246299656314E-05,2978.09523809524,0.03342802
515.804841081554,1.11857095570065E-05,2994.80952380952,0.03349907
516.275095956991,1.11286713785046E-05,3016.52380952381,0.0335699
516.745388250449,1.10997100551884E-05,3030.76190476191,0.03364058
517.215717957447,1.11178125402598E-05,3039.2380952381,0.03378968
517.686085073504,1.11796391350616E-05,3044.04761904762,0.03403135
518.156489594137,1.12292087385771E-05,3046.09523809523,0.03420524
518.626931514867,1.12664728947274E-05,3039.38095238096,0.0342431
519.097410831212,1.12872709198865E-05,3034.19047619048,0.03424773
519.56792753869,1.12813679287097E-05,3024.90476190476,0.03412506
520.038481632821,1.12680283819815E-05,3016.2380952381,0.03398706
520.509073109122,1.12046517995741E-05,3005.61904761905,0.03367691
520.979701963113,1.1114486568274E-05,3002.09523809524,0.03336675
521.450368190313,1.11407592981989E-05,2994.2380952381,0.03335809
521.92107178624,1.11597996508961E-05,2989.57142857142,0.03336302
522.391812746413,1.11056606154908E-05,2979,0.03308376
522.862591066351,1.10293650163116E-05,2969.09523809524,0.03274724
523.333406741572,1.09547195046202E-05,2961.61904761905,0.03244371
523.804259767595,1.08997578435137E-05,2949.95238095238,0.03215377
524.275150139939,1.08783127205712E-05,2933.76190476191,0.03191438
524.746077854123,1.08425856377069E-05,2924.66666666667,0.03171095
525.217042905666,1.08589599758704E-05,2909,0.03158871
525.688045290085,1.08875592749381E-05,2898.85714285715,0.03156148
526.159085002901,1.08942916787705E-05,2884.47619047619,0.03142432
526.630162039631,1.08466809616267E-05,2864.61904761905,0.03107161
527.101276395795,1.07805881019029E-05,2847.42857142857,0.03069695
527.572428066911,1.0676071603129E-05,2832.71428571428,0.03024226
528.043617048498,1.06238937215592E-05,2806.19047619047,0.02981267
528.514843336074,1.06371448166157E-05,2785.47619047619,0.02962951
528.986106925159,1.06838950749746E-05,2756.14285714286,0.02944634
529.457407811271,1.07104377103283E-05,2724.66666666667,0.02918237
529.928745989929,1.07323164209202E-05,2694.28571428572,0.02891593
530.400121456652,1.06899544774742E-05,2665.85714285715,0.02849789
530.871534206958,1.06761394383878E-05,2627.61904761905,0.02805283
531.342984236366,1.06604892676017E-05,2594.85714285715,0.02766245
531.814471540395,1.06873869950952E-05,2553.71428571428,0.02729253
532.285996114564,1.07357256709817E-05,2511.33333333334,0.02696099
532.757557954391,1.07741907088664E-05,2473.90476190476,0.02665432
533.229157055395,1.08444808498294E-05,2425.52380952381,0.02630355
533.700793413095,1.08886168122523E-05,2379.19047619047,0.02590609
534.17246702301,1.09405303329292E-05,2334.61904761905,0.02554197
534.644177880658,1.10311976752163E-05,2287.66666666666,0.0252357
535.115925981558,1.10973645261084E-05,2245.52380952381,0.0249194
535.587711321229,1.1174801398158E-05,2198.90476190476,0.02457232
536.059533895189,1.12319826333777E-05,2157.28571428571,0.0242306
536.531393698958,1.12942335851452E-05,2118.42857142857,0.02392603
537.003290728054,1.13738353022979E-05,2076.85714285715,0.02362183
537.475224977996,1.14570712289442E-05,2040.14285714285,0.02337406
537.947196444302,1.15249940002815E-05,2006.61904761905,0.02312627
538.419205122492,1.15299545654919E-05,1968.47619047619,0.02269644
538.891251008083,1.14708655027098E-05,1939.14285714286,0.02224365
539.363334096596,1.14886700155291E-05,1901.19047619048,0.02184215
539.835454383548,1.14533735366267E-05,1873.33333333333,0.02145599
540.307611864458,1.14563936155011E-05,1845.95238095238,0.02114796
540.779806534845,1.15090062660211E-05,1814.38095238095,0.02088172
541.252038390229,1.15857929380324E-05,1783.95238095238,0.0206685
541.724307426126,1.16476954957435E-05,1760.14285714285,0.02050161
542.196613638057,1.16365994739446E-05,1737.19047619048,0.02021499
542.66895702154,1.15355973659868E-05,1713,0.01976048
543.141337572094,1.14714260014983E-05,1688.47619047619,0.01936923
543.613755285237,1.14891894521667E-05,1664.71428571429,0.01912622
544.086210156489,1.14798076580743E-05,1646.71428571429,0.01890396
544.558702181367,1.15455939304134E-05,1626.14285714286,0.01877479
545.031231355391,1.15978934070512E-05,1605.90476190476,0.01862511
545.50379767408,1.14620694894923E-05,1586.61904761905,0.01818594
545.976401132952,1.1305364031595E-05,1569.76190476191,0.01774673
546.449041727526,1.14034078742634E-05,1548.66666666667,0.01766008
546.921719453321,1.15288647047263E-05,1525.90476190477,0.01759195
547.394434305855,1.14596990573012E-05,1502.61904761904,0.01721956
547.867186280647,1.13405782812677E-05,1480.2380952381,0.01678676
548.339975373216,1.13886160287028E-05,1457.09523809524,0.0165943
548.812801579081,1.15036874726487E-05,1433.95238095238,0.01649574
549.285664893761,1.14643450933748E-05,1411.33333333334,0.01618001
549.758565312773,1.13231623809118E-05,1388.47619047619,0.01572194
550.231502831638,1.13182071481359E-05,1367.95238095238,0.01548277
550.704477445873,1.1481741741189E-05,1347.52380952381,0.01547192
551.177489150998,1.1593447015239E-05,1326.04761904762,0.01537346
551.650537942531,1.16131092784667E-05,1302.7619047619,0.01512912
552.12362381599,1.16610323452452E-05,1278.61904761904,0.01491002
552.596746766896,1.17374294230555E-05,1257.71428571428,0.01476233
553.069906790765,1.17958009107203E-05,1238.28571428571,0.01460657
553.543103883119,1.18474793678333E-05,1215.80952380952,0.01440428
554.016338039473,1.18880060264409E-05,1194.66666666666,0.0142022
554.489609255349,1.19389616917368E-05,1173.19047619048,0.01400668
554.962917526264,1.19680527474996E-05,1154,0.01381113
555.436262847737,1.19816500401958E-05,1137,0.01362314
555.909645215287,1.20171688605275E-05,1118.04761904762,0.01343577
556.383064624432,1.20956409479279E-05,1097.38095238096,0.01327353
556.856521070692,1.21380652908298E-05,1080.66666666666,0.0131172
557.330014549585,1.22125468329791E-05,1065.19047619048,0.01300869
557.80354505663,1.23045599902663E-05,1050.09523809524,0.01292096
558.277112587345,1.23278743889602E-05,1036.47619047619,0.01277755
558.75071713725,1.23407847893582E-05,1020.57142857143,0.01259465
559.224358701863,1.23578280297913E-05,1006.52380952381,0.01243845
559.698037276703,1.23377580257528E-05,997.904761904762,0.01231191
560.171752857288,1.23594968175795E-05,986.85714285714,0.01219706
560.645505439138,1.23744204740509E-05,978.047619047615,0.01210277
561.11929501777,1.2368066570754E-05,970.857142857138,0.01200763
561.593121588705,1.23663085002835E-05,963.095238095236,0.01190993
562.06698514746,1.23476369052005E-05,956.904761904767,0.01181551
562.540885689554,1.23366976620395E-05,951.714285714288,0.01174101
563.014823210507,1.23506998072239E-05,944.38095238095,0.01166377
563.488797705836,1.2229615751701E-05,940.476190476193,0.01150166
563.962809171061,1.21038166800989E-05,936.857142857146,0.01133955
564.4368576017,1.20714220150131E-05,930.14285714286,0.01122815
564.910942993272,1.19802081099233E-05,928.28571428571,0.01112106
565.385065341296,1.19653145207637E-05,925.285714285711,0.01107133
565.85922464129,1.19616206319444E-05,922.523809523805,0.01103488
566.333420888774,1.18380189913067E-05,920.666666666663,0.01089887
566.807654079265,1.17283323102412E-05,914.095238095241,0.01072081
567.281924208284,1.16986965562202E-05,908.047619047624,0.01062297
567.756231271348,1.17021632640471E-05,904.095238095236,0.01057987
568.230575263976,1.17260774166224E-05,897.047619047616,0.01051885
568.704956181687,1.17059110554372E-05,891.761904761902,0.01043889
569.17937402,1.17508136877119E-05,886.095238095241,0.01041234
569.653828774433,1.19089943202659E-05,879.476190476193,0.01047368
570.128320440506,1.19526051598351E-05,876.142857142857,0.01047219
570.602849013737,1.18644860975769E-05,868.238095238093,0.0103012
571.077414489644,1.17379478069477E-05,863.142857142862,0.01013153
571.552016863747,1.16346483770752E-05,856.809523809527,0.009968678
572.026656131564,1.15645833800245E-05,848.380952380953,0.009811172
572.501332288613,1.16015713314029E-05,839.857142857143,0.009743663
572.976045330415,1.16306514713822E-05,831.952380952386,0.009676148
573.450795252487,1.17366919912869E-05,822.666666666664,0.009655385
573.925582050348,1.18129354921834E-05,815.809523809523,0.009637105
574.400405719517,1.19345937336676E-05,807.714285714284,0.009639742
574.875266255513,1.20306200925175E-05,801.809523809523,0.009646266
575.350163653854,1.20602740636959E-05,796.142857142861,0.009601701
575.82509791006,1.20622368407521E-05,790.809523809521,0.009538932
576.300069019648,1.21400180160075E-05,782.809523809523,0.009503322
576.775076978138,1.2171765510027E-05,779.142857142857,0.009483544
577.250121781048,1.22224136812713E-05,775.380952380953,0.009477027
577.725203423898,1.23003986363531E-05,770.904761904765,0.009482436
578.200321902205,1.23295766777235E-05,764.61904761905,0.009427429
578.675477211489,1.22230745067721E-05,760.000000000004,0.009289537
579.150669347269,1.21639570880367E-05,755.809523809519,0.009193635
579.625898305062,1.22113896698999E-05,752.428571428572,0.009188198
580.101164080389,1.22170804408193E-05,751.095238095239,0.009176191
580.576466668767,1.22237657323155E-05,747.714285714289,0.009139884
581.051806065715,1.21994571860082E-05,746.666666666665,0.009108928
581.527182266752,1.2231451383051E-05,745.761904761902,0.00912175
582.002595267398,1.22325608197744E-05,746.761904761902,0.00913481
582.47804506317,1.22994034229011E-05,747.285714285714,0.009191168
582.953531649587,1.23504283443507E-05,748.7619047619,0.00924753
583.429055022168,1.23333995058976E-05,745.952380952381,0.009200129
583.904615176432,1.22220137381209E-05,747.952380952384,0.009141484
584.380212107898,1.21699019709728E-05,749.333333333335,0.009119313
584.855845812084,1.21324781511371E-05,750.571428571433,0.009106291
585.331516284509,1.21778725621125E-05,749.90476190476,0.009132245
585.807223520692,1.22319784563142E-05,750.095238095242,0.009175149
586.282967516152,1.22437510454038E-05,752.095238095233,0.009208467
586.758748266407,1.22090238757692E-05,756.428571428572,0.009235254
587.234565766975,1.21989934602459E-05,757.571428571426,0.009241609
587.710420013377,1.21164201558933E-05,761.523809523809,0.009226942
588.18631100113,1.21064778447293E-05,764.23809523809,0.009252232
588.662238725754,1.21579583440537E-05,768.190476190475,0.009339628
589.138203182766,1.21501378523528E-05,774.380952380952,0.009408835
589.614204367686,1.21105914480683E-05,778.952380952378,0.009433574
590.090242276033,1.20739495100098E-05,783.619047619046,0.009461377
590.566316903325,1.204343505572E-05,789,0.00950227
591.042428245081,1.20645417223517E-05,790.857142857144,0.009541329
591.51857629682,1.19798151462475E-05,798.142857142862,0.009561604
591.99476105406,1.19121166212092E-05,804.380952380955,0.00958188
592.470982512321,1.20621481563588E-05,809.571428571428,0.009765171
592.94724066712,1.21954044589566E-05,815.904761904767,0.009950289
593.423535513977,1.22159168071573E-05,822.476190476187,0.0100473
593.899867048411,1.22320043460462E-05,828.428571428574,0.01013334
594.37623526594,1.22183787679071E-05,836.761904761907,0.01022387
594.852640162083,1.22057546642964E-05,845.142857142862,0.01031561
595.329081732358,1.22996105555085E-05,851.809523809527,0.01047693
595.805559972285,1.24345275380284E-05,858.047619047616,0.01066942
596.282074877382,1.24923348841649E-05,867.238095238097,0.01083383
596.758626443169,1.25214035981335E-05,876.809523809521,0.01097889
597.235214665162,1.25950280330991E-05,887.14285714286,0.01117359
597.711839538883,1.27136149164121E-05,898.190476190478,0.01141925
598.188501059848,1.28128507631048E-05,907.285714285713,0.01162492
598.665199223577,1.27869099205128E-05,920.428571428573,0.01176944
599.141934025589,1.27445003587014E-05,936.476190476189,0.01193492
599.618705461403,1.27803460468876E-05,950.666666666671,0.01214985
600.095513526536,1.28030805880654E-05,966.666666666665,0.01237631
600.572358216509,1.28588051876348E-05,983.666666666665,0.01264878
601.049239526839,1.28802508504556E-05,1003.80952380952,0.01292932
601.526157453046,1.297039175397E-05,1023.85714285715,0.01327983
602.003111990647,1.30178662918661E-05,1047.04761904762,0.01363033
602.480103135163,1.30775194572131E-05,1068.61904761905,0.01397489
602.957130882111,1.30578380054945E-05,1096.61904761905,0.01431947
603.434195227011,1.30625802526777E-05,1121.57142857142,0.01465062
603.91129616538,1.30157043057677E-05,1150.95238095238,0.01498046
604.388433692739,1.30005768505565E-05,1180.42857142858,0.01534625
604.865607804605,1.29684929236639E-05,1212.19047619047,0.01572028
605.342818496498,1.29589803484081E-05,1244.52380952381,0.01612776
605.820065763935,1.28967457715744E-05,1283.14285714286,0.01654837
606.297349602437,1.28286633728474E-05,1321.19047619048,0.01694911
606.774670007521,1.27145774919555E-05,1363.61904761905,0.01733784
607.252026974706,1.26535434727855E-05,1409.38095238095,0.01783366
607.729420499511,1.26497403865774E-05,1456.57142857143,0.01842525
608.206850577456,1.26866407328886E-05,1504.85714285714,0.01909158
608.684317204057,1.27505742409428E-05,1557.23809523809,0.01985568
609.161820374836,1.27677316097068E-05,1610.09523809523,0.02055726
609.639360085309,1.2717701754702E-05,1662,0.02113682
610.116936330996,1.26706524555904E-05,1718.09523809524,0.02176939
610.594549107415,1.270538592748E-05,1776.04761904762,0.02256537
611.072198410086,1.27228222676523E-05,1837.04761904762,0.02337243
611.549884234527,1.27089546615042E-05,1907.42857142857,0.02424142
612.027606576257,1.27009388896752E-05,1976.95238095238,0.02510915
612.505365430794,1.26914575064166E-05,2045.09523809524,0.02595524
612.983160793657,1.26390433890229E-05,2120.52380952381,0.02680139
613.460992660366,1.25563918528378E-05,2197.52380952381,0.02759297
613.938861026438,1.24440958773709E-05,2280.80952380953,0.02838261
614.416765887393,1.25107514706169E-05,2360.95238095238,0.02953729
614.894707238749,1.25851803903349E-05,2443,0.0307456
615.372685076025,1.26428426371506E-05,2531.66666666667,0.03200746
615.850699394739,1.26550288622153E-05,2630.14285714286,0.03328453
616.328750190412,1.26499993538581E-05,2732.19047619048,0.03456221
616.80683745856,1.26418368893384E-05,2835.04761904762,0.03584021
617.284961194703,1.26736049183421E-05,2938.85714285714,0.03724591
617.763121394361,1.26885791372324E-05,3053,0.03873823
618.24131805305,1.2701933144047E-05,3168.95238095238,0.04025182
618.719551166291,1.26672659733866E-05,3298.76190476191,0.04178629
619.197820729602,1.27000347515593E-05,3418.80952380952,0.043419
619.676126738501,1.27404404582258E-05,3547.04761904762,0.04519095
620.154469188508,1.27812166773214E-05,3679.90476190476,0.04703366
620.632848075141,1.28344698922114E-05,3819.7619047619,0.04902462
621.111263393919,1.28571226123717E-05,3965.47619047619,0.05098461
621.589715140361,1.2828412979248E-05,4119.14285714286,0.05284207
622.068203309985,1.28452397492071E-05,4267.09523809524,0.05481186
622.54672789831,1.29344838237548E-05,4442.14285714286,0.05745682
623.025288900856,1.30419343175534E-05,4607.38095238095,0.06008916
623.50388631314,1.30479671116968E-05,4789.38095238096,0.06249169
623.982520130681,1.30653588496726E-05,4966.90476190477,0.06489439
624.461190348998,1.30457992852353E-05,5162.61904761904,0.06735049
624.939896963611,1.30457010184765E-05,5351.09523809524,0.06980879
625.418639970037,1.30153105185824E-05,5552.57142857143,0.07226844
625.897419363795,1.30271062607198E-05,5736.38095238095,0.07472844
626.376235140405,1.30300576036627E-05,5958.33333333334,0.07763743
626.855087295384,1.30601812653006E-05,6176.71428571429,0.08066901
627.333975824252,1.30873870668788E-05,6404.28571428571,0.08381537
627.812900722527,1.31234601014272E-05,6630.23809523809,0.08701167
628.291861985729,1.3091409319582E-05,6880.66666666666,0.09007762
628.770859609375,1.30831022127158E-05,7113,0.09306011
629.249893588985,1.30416185092986E-05,7376.61904761905,0.09620305
629.728963920077,1.3068037274567E-05,7613.4761904762,0.09949319
630.20807059817,1.30713533086721E-05,7855.90476190476,0.1026873
630.687213618784,1.30419888577717E-05,8108.90476190476,0.1057562
631.166392977436,1.30658258567411E-05,8346.38095238095,0.1090524
631.645608669645,1.31512059054795E-05,8575.28571428572,0.1127753
632.12486069093,1.31865916751815E-05,8824.42857142857,0.1163641
632.60414903681,1.32010619457299E-05,9057.71428571428,0.1195714
633.083473702803,1.32129429792997E-05,9288.09523809523,0.1227231
633.562834684429,1.32367412166496E-05,9489.47619047619,0.1256097
634.042231977206,1.32500704070443E-05,9702.14285714285,0.1285541
634.521665576653,1.33599359711411E-05,9887.28571428572,0.1320935
635.001135478288,1.35102545387397E-05,10039,0.1356294
635.480641677631,1.35353693087729E-05,10165.3333333333,0.1375915
635.960184170199,1.36065343977752E-05,10256.380952381,0.1395538
636.439762951512,1.37445284927568E-05,10314.7142857143,0.1417709
636.919378017089,1.3900886613444E-05,10359.8571428571,0.1440112
637.399029362448,1.40695034373032E-05,10344.9047619048,0.1455477
637.878716983108,1.42653552161244E-05,10300.619047619,0.146942
638.358440874588,1.4338944617476E-05,10227.8571428571,0.1466567
638.838201032407,1.44332116995679E-05,10101.9047619048,0.1458029
639.317997452082,1.45779560664972E-05,9950.71428571428,0.1450611
639.797830129134,1.48062910279082E-05,9751,0.1443761
640.27769905908,1.50194378592926E-05,9506.71428571429,0.1427855
640.75760423744,1.52324565532566E-05,9226.04761904762,0.1405354
641.237545659732,1.54230267989526E-05,8908.95238095238,0.137403
641.717523321475,1.55497604252034E-05,8577,0.1333703
642.197537218188,1.57620372819031E-05,8206.71428571429,0.1293545
642.677587345389,1.60344158034969E-05,7818.38095238095,0.1253632
643.157673698597,1.62976675328996E-05,7421.61904761904,0.1209551
643.637796273332,1.65028338960314E-05,7010.61904761905,0.1156951
644.117955065111,1.67538122371573E-05,6587.42857142858,0.1103645
644.598150069453,1.69691104265176E-05,6177,0.1048182
645.078381281878,1.72331027226364E-05,5758.57142857143,0.09923805
645.558648697903,1.74538819927452E-05,5356.19047619047,0.09348632
646.038952313049,1.76729029020832E-05,4963.76190476191,0.08772408
646.519292122832,1.78350079788424E-05,4589.14285714286,0.0818474
646.999668122773,1.79372587139055E-05,4235.33333333334,0.07597027
647.48008030839,1.82249084789499E-05,3897.85714285714,0.07103809
647.960528675201,1.84656605123483E-05,3579.95238095238,0.06610619
648.441013218726,1.8696728345102E-05,3284,0.06140006
648.921533934483,1.87785209048511E-05,3020.14285714286,0.05671382
649.402090817991,1.89324381948902E-05,2767.28571428571,0.05239147
649.882683864768,1.89729825641301E-05,2537.28571428571,0.04813988
650.363313070334,1.91911774836071E-05,2328.71428571429,0.04469077
650.843978430207,1.93846334549914E-05,2140.90476190476,0.04150065
651.324679939906,1.94476568984087E-05,1970.47619047619,0.03832114
651.805417594949,1.93757106131061E-05,1813.95238095238,0.03514662
652.286191390856,1.94044249959228E-05,1672.90476190476,0.03246175
652.767001323145,1.95300780938147E-05,1541.71428571428,0.0301098
653.247847387335,1.95990988597507E-05,1422.33333333334,0.02787645
653.728729578944,1.95888001626922E-05,1314.76190476191,0.02575461
654.209647893492,1.95043674164714E-05,1218.38095238095,0.02376375
654.690602326497,1.93911276427563E-05,1131.57142857143,0.02194245
655.171592873477,1.93572685228584E-05,1050.04761904762,0.02032605
655.652619529952,1.9587628475992E-05,974.047619047623,0.01907928
656.133682291441,1.96207023795187E-05,907.904761904759,0.01781373
656.614781153461,1.94919954282907E-05,846.476190476186,0.01649951
657.095916111533,1.92711366960653E-05,790.952380952379,0.01524255
657.577087161173,1.92341805450059E-05,739.095238095234,0.01421589
658.058294297903,1.91850450409077E-05,689.857142857148,0.01323494
658.539537517239,1.94802766754777E-05,646.095238095234,0.01258611
659.020816814701,1.96828131796335E-05,605.952380952381,0.01192685
659.502132185808,1.93869265393994E-05,569.333333333329,0.01103762
659.983483626077,1.89772930629851E-05,534.761904761901,0.01014833
660.464871131029,1.91293433548647E-05,502.523809523809,0.00961295
660.946294696182,1.92199160798371E-05,472.952380952378,0.009090105
661.427754317054,1.90432435890548E-05,447.095238095239,0.008514144
661.909249989164,1.87928406819055E-05,422.047619047617,0.007931474
662.390781708032,1.88881960125119E-05,400.285714285711,0.007560675
662.872349469175,1.91076355248825E-05,378.857142857141,0.007239064
663.353953268113,1.88188233199171E-05,360.380952380948,0.006781945
663.835593100364,1.82743303976742E-05,343.428571428571,0.006275927
664.317268961447,1.82094386980175E-05,328.09523809524,0.00597443
664.79898084688,1.84097873200708E-05,313.904761904762,0.00577892
665.280728752183,1.82674029446412E-05,301.333333333336,0.005504577
665.762512672874,1.79793519845923E-05,287.761904761908,0.005173773
666.244332604473,1.78752007568764E-05,275.666666666663,0.004927597
666.726188542497,1.80345242203346E-05,264.142857142857,0.004763691
667.208080482465,1.80188134546333E-05,253.523809523813,0.004568198
667.690008419897,1.78271161464621E-05,242.952380952376,0.00433114
668.17197235031,1.76863688735056E-05,232.333333333338,0.004109133
668.653972269224,1.75378111085585E-05,223.190476190473,0.003914272
669.136008172158,1.74224168926658E-05,214.85714285714,0.003743331
669.61808005463,1.75682006194936E-05,206.809523809526,0.003633271
670.100187912159,1.7617852326995E-05,199.42857142857,0.003513503
670.582331740263,1.74484245645085E-05,192.380952380953,0.003356745
671.064511534462,1.73254440797872E-05,186.095238095235,0.003224183
671.546727290274,1.80320957901579E-05,180.142857142854,0.003248353
672.028979003218,1.86364692937482E-05,174.952380952386,0.003260495
672.511266668812,1.81692187396119E-05,169.761904761908,0.003084441
672.993590282576,1.77649425563727E-05,163.714285714285,0.002908375
673.475949840028,1.86277255855953E-05,159.238095238097,0.002966244
673.958345336687,1.96697456516686E-05,153.904761904761,0.003027268
674.440776768072,1.94546228345324E-05,148.190476190481,0.00288299
674.923244129701,1.89592474162494E-05,143.428571428568,0.002719298
675.405747417093,1.84184093056485E-05,138.476190476194,0.002550511
675.888286625767,1.76850947158405E-05,134.61904761905,0.002380751
676.370861751241,1.73560834970597E-05,131.52380952381,0.002282738
676.853472789035,1.71223451422644E-05,128.857142857145,0.002206336
677.336119734667,1.72009414041358E-05,125.190476190476,0.002153394
677.818802583656,1.73073909829102E-05,121.952380952379,0.002110678
678.30152133152,1.71320305065855E-05,119.714285714282,0.002050949
678.784275973779,1.69453613247619E-05,116.904761904765,0.001980993
679.267066505951,1.72106526478868E-05,112.999999999995,0.001944804
679.749892923554,1.75307191580646E-05,110.428571428574,0.001935892
680.232755222108,1.83830831023818E-05,107.809523809526,0.001981871
680.715653397132,1.98746853995889E-05,105.000000000001,0.002086842
681.198587444144,1.98821473407427E-05,104.28571428571,0.002073424
681.681557358662,1.86209238940708E-05,101.523809523813,0.001890467
682.164563136206,1.80293869142104E-05,99.0476190476161,0.001785768
682.647604772294,1.82298361820101E-05,100.523809523807,0.001832533
683.130682262445,1.88427490242031E-05,98.6190476190475,0.001858254
683.613795602178,1.90429751144219E-05,95.9523809523853,0.001827219
684.096944787012,1.88859205203023E-05,95.7619047619094,0.001808552
684.580129812465,1.98064223290063E-05,92.8571428571429,0.001839168
685.063350674055,2.01975510341252E-05,91.8571428571395,0.001855289
685.546607367303,1.96634089983881E-05,90.2857142857147,0.001775325
686.029899887726,1.97422759427585E-05,85.8095238095209,0.001694075
686.513228230843,1.90124122044917E-05,83.8095238095245,0.001593421
686.996592392174,1.80367970361151E-05,82.7619047619075,0.00149276
687.479992367236,1.7150212365386E-05,81.3809523809537,0.001395701
687.963428151548,1.60234202860648E-05,81.0476190476147,0.00129866
688.44689974063,1.56700140631287E-05,80.4761904761858,0.001261063
688.93040713,1.54091396592689E-05,79.7142857142865,0.001228329
689.413950315176,1.64699549955067E-05,79.0476190476147,0.001301911
689.897529291678,1.80845814112377E-05,77.0476190476186,0.001393374
690.381144055024,1.79171839530895E-05,77.4761904761906,0.001388155
690.864794600734,1.78993267303179E-05,75.8095238095257,0.001356939
691.348480924325,1.88010660084823E-05,73.3333333333287,0.001378745
691.832203021316,1.96857768599938E-05,72.1904761904757,0.001421126
692.315960887226,1.96981209851166E-05,70.2380952380965,0.001383558
692.799754517575,1.87621972631505E-05,69.4761904761913,0.001303526
693.28358390788,1.92566226816836E-05,69.2380952380959,0.001333292
693.76744905366,2.19859157791786E-05,65.5238095238119,0.001440601
694.251349950435,2.22244407315727E-05,64.3333333333296,0.001429772
694.735286593722,2.03117685071977E-05,64.4761904761881,0.001309625
695.219258979042,1.90025768666105E-05,65.4761904761904,0.001244216
695.703267101911,1.92652740079957E-05,64.6190476190493,0.001244904
696.18731095785,1.90194319005868E-05,62.9047619047576,0.001196413
696.671390542377,1.72316944305195E-05,62.0952380952347,0.001070006
697.15550585101,1.61614248330179E-05,61.095238095239,0.0009873861
697.639656879269,1.69583934694841E-05,58.80952380952,0.000997315
698.123843622672,1.80306644927731E-05,56.8571428571422,0.001025172
698.608066076737,2.0612022329988E-05,53.6190476190493,0.001105197
699.092324236985,2.16982064066454E-05,53.4285714285691,0.001159304
699.576618098932,2.09497911207176E-05,52.6666666666699,0.001103356
700.060947658099,2.08757343760713E-05,50.6190476190491,0.00105671
700.545312910004,2.19116969603699E-05,49.0476190476236,0.001074717
701.029713850165,2.18293618912532E-05,49.8571428571383,0.00108835
701.514150474102,2.13094843168016E-05,48.5714285714319,0.001035032
701.998622777332,2.08452204101079E-05,47.0952380952419,0.0009817106
702.483130755376,2.11497933430126E-05,45.9523809523764,0.0009718834
702.967674403751,2.10696216128807E-05,45.6666666666697,0.0009621794
703.452253717976,2.10699522771271E-05,45.9523809523848,0.0009682145
703.936868693571,2.13141298468142E-05,45.7619047619003,0.0009753752
704.421519326053,2.2746393111566E-05,44.2857142857113,0.00100734
704.906205610942,2.30320501626021E-05,45.2857142857117,0.001043023
705.390927543756,2.22879020239668E-05,44.4285714285711,0.0009902196
705.875685120014,2.14729748222448E-05,42.6666666666677,0.0009161803
706.360478335235,2.17599421344963E-05,42.1428571428546,0.0009170261
706.845307184938,2.2910659085698E-05,41.1904761904811,0.000943701
707.330171664641,2.27181134828118E-05,41.3333333333294,0.0009390154
707.815071769863,2.27739655424801E-05,40.3809523809548,0.0009196344
708.300007496122,2.45512342376938E-05,38.142857142861,0.0009364542
708.784978838938,2.59006819358121E-05,37.6666666666654,0.0009755924
709.26998579383,2.67494019664125E-05,38.0476190476163,0.001017751
709.755028356315,2.85642010203877E-05,37.1904761904807,0.001062316
710.240106521913,2.91732498923341E-05,35.6666666666658,0.001040513
710.725220286143,2.77756484547931E-05,34.2380952380943,0.0009509853
711.210369644523,2.69138483428211E-05,33.6190476190493,0.0009048179
711.695554592572,2.69204559599E-05,33.9999999999993,0.0009152955
712.180775125809,2.74843733717276E-05,32.8571428571388,0.000903058
712.666031239752,2.72508017978222E-05,31.2857142857119,0.0008525608
713.15132292992,2.82175373286022E-05,29.9999999999986,0.0008465261
713.636650191832,3.10414695312956E-05,30.2380952380947,0.0009386349
714.122013021007,3.17490685033792E-05,30.1428571428564,0.0009570076
714.607411412964,2.47597682047152E-05,30.5238095238083,0.0007557624
715.092845363221,2.08189877065599E-05,29.2380952380965,0.0006087075
715.578314867296,2.36673134555312E-05,29.190476190478,0.0006908601
716.063819920709,2.73608906696633E-05,28.6190476190488,0.0007830426
716.549360518979,3.33966749462272E-05,28.1904761904764,0.0009414682
717.034936657624,3.82783809019382E-05,28.3333333333319,0.001084554
717.520548332163,3.70876619186561E-05,27.7619047619041,0.001029624
718.006195538115,3.65250211652351E-05,26.7142857142826,0.0009757399
718.491878270998,3.66983827339792E-05,27.3333333333342,0.001003089
718.977596526331,3.82318892006072E-05,26.9523809523835,0.00103044
719.463350299633,2.90137893003437E-05,27.2857142857142,0.000791662
719.949139586422,1.88999096280917E-05,28.5714285714253,0.0005399974
720.434964382218,2.36714368726905E-05,28.2380952380963,0.0006684363
720.92082468254,2.99966820169382E-05,28.0476190476218,0.0008413355
721.406720482905,3.01876265794123E-05,27.3333333333339,0.0008251285
721.892651778832,2.91621317105402E-05,26.4761904761911,0.0007721022
722.378618565842,3.53456021764774E-05,26.4285714285729,0.0009341338
722.864620839451,4.45060521507473E-05,26.0000000000011,0.001157157
723.350658595179,4.48846647867831E-05,23.190476190473,0.001040897
723.836731828545,3.68719101487929E-05,21.5238095238058,0.000793624
724.322840535067,3.67517782104799E-05,20.6666666666686,0.0007595367
724.808984710264,4.29946368020268E-05,19.3809523809477,0.000833277
725.295164349655,4.71408481112162E-05,17.6666666666683,0.0008328216
725.781379448759,4.71954586192403E-05,16.6190476190509,0.0007843436
726.267630003094,5.14370488866886E-05,15.8095238095241,0.0008131952
726.753916008179,5.64087009905866E-05,16.0476190476177,0.0009052253
727.240237459533,5.4682847586335E-05,16.1428571428528,0.0008827374
727.726594352674,4.57521217337211E-05,16.2380952380929,0.0007429273
728.212986683122,3.84861319300534E-05,17.5238095238105,0.0006744236
728.699414446394,3.34403023908279E-05,20.8571428571472,0.0006974692
729.185877638011,3.69504212395511E-05,20.9047619047581,0.0007724398
729.67237625349,4.30818291746117E-05,21.6190476190491,0.0009313881
730.158910288351,4.58211018819851E-05,21.0476190476152,0.0009644251
730.645479738111,3.61176354198363E-05,20.4285714285734,0.0007378317
731.132084598291,3.10714126301333E-05,19.7142857142876,0.0006125507
731.618724864407,4.14137072353223E-05,18.3333333333323,0.0007592513
732.10540053198,4.98489951970046E-05,17.3809523809518,0.000866423
732.592111596529,4.75253243689686E-05,17.4761904761858,0.0008305616
733.078858053571,4.80641135755759E-05,16.3333333333364,0.0007850472
733.565639898625,4.22209719842117E-05,16.333333333336,0.0006896092
734.052457127211,3.91761928856382E-05,15.6190476190482,0.0006118948
734.539309734846,4.12132074688824E-05,16.523809523806,0.0006809992
735.026197717051,4.76814790586536E-05,15.7142857142851,0.0007492804
735.513121069343,6.19965259615552E-05,12.9523809523855,0.0008030026
736.000079787241,6.22532576979844E-05,13.7619047619073,0.0008567234
736.487073866264,6.80068368607431E-05,12.9047619047665,0.000877612
736.974103301931,7.3418466479387E-05,12.2380952380922,0.0008985022
737.46116808976,6.36573254376529E-05,12.0952380952365,0.0007699505
737.948268225271,5.93434651819086E-05,10.666666666662,0.000632997
738.435403703981,4.97979863784418E-05,13.61904761905,0.0006782011
738.92257452141,5.26805971560838E-05,14.142857142861,0.0007450542
739.409780673077,4.89240971341118E-05,11.8095238095284,0.0005777703
739.8970221545,2.84846687766963E-05,12.8571428571461,0.0003662315
740.384298961197,0,0,0
740.871611088689,0,0,0
741.358958532493,0,0,0
741.846341288128,0,0,0
742.333759351113,0,0,0
742.821212716967,0,0,0
743.308701381208,0,0,0
743.796225339355,0,0,0
744.283784586927,0,0,0
744.771379119443,0,0,0
745.259008932421,0,0,0
745.74667402138,0,0,0
746.23437438184,0,0,0
746.722110009317,0,0,0
747.209880899332,0,0,0
747.697687047404,0,0,0
748.18552844905,0,0,0
748.67340509979,0,0,0
749.161316995142,0,0,0
749.649264130625,0,0,0
750.137246501758,0,0,0
750.62526410406,0,0,0
751.113316933049,0,0,0
751.601404984244,0,0,0
752.089528253164,0,0,0
752.577686735327,0,0,0
753.065880426253,0,0,0
753.554109321459,0,0,0
754.042373416466,0,0,0
754.530672706791,0,0,0
755.019007187953,0,0,0
755.507376855472,0,0,0
755.995781704865,0,0,0
756.484221731652,0,0,0
756.972696931351,0,0,0
757.461207299481,0,0,0
757.949752831561,0,0,0
758.438333523109,0,0,0
758.926949369645,0,0,0
759.415600366686,0,0,0
759.904286509753,0,0,0
760.393007794362,0,0,0
760.881764216034,0,0,0
761.370555770287,0,0,0
761.85938245264,0,0,0
762.348244258611,0,0,0
762.83714118372,0,0,0
763.326073223484,0,0,0
763.815040373423,0,0,0
764.304042629055,0,0,0
764.7930799859,0,0,0
765.282152439476,0,0,0
765.771259985301,0,0,0
766.260402618895,0,0,0
766.749580335775,0,0,0
767.238793131462,0,0,0
767.728041001474,0,0,0
768.217323941328,0,0,0
768.706641946545,0,0,0
769.195995012643,0,0,0
769.685383135141,0,0,0
770.174806309557,0,0,0
770.66426453141,0,0,0
771.153757796219,0,0,0
771.643286099502,0,0,0
772.132849436779,0,0,0
772.622447803568,0,0,0
773.112081195388,0,0,0
773.601749607757,0,0,0
774.091453036195,0,0,0
774.58119147622,0,0,0
775.070964923351,0,0,0
775.560773373106,0,0,0
776.050616821005,0,0,0
776.540495262565,0,0,0
777.030408693307,0,0,0
777.520357108748,0,0,0
778.010340504407,0,0,0
778.500358875803,0,0,0
778.990412218456,0,0,0
779.480500527882,0,0,0
779.970623799602,0,0,0
780.460782029134,0,0,0
780.950975211997,0,0,0
781.441203343709,0,0,0
781.93146641979,0,0,0
782.421764435758,0,0,0
782.912097387131,0,0,0
783.402465269429,0,0,0
783.89286807817,0,0,0
784.383305808873,0,0,0
784.873778457057,0,0,0
785.36428601824,0,0,0
785.854828487941,0,0,0
786.34540586168,0,0,0
786.836018134974,0,0,0
787.326665303343,0,0,0
787.817347362305,0,0,0
788.308064307378,0,0,0
788.798816134083,0,0,0
789.289602837937,0,0,0
789.780424414459,0,0,0
790.271280859168,0,0,0
790.762172167583,0,0,0
791.253098335222,0,0,0
791.744059357604,0,0,0
792.235055230248,0,0,0
792.726085948673,0,0,0
793.217151508397,0,0,0
793.70825190494,0,0,0
794.199387133819,0,0,0
794.690557190554,0,0,0
795.181762070663,0,0,0
795.673001769665,0,0,0
796.16427628308,0,0,0
796.655585606424,0,0,0
797.146929735219,0,0,0
797.638308664981,0,0,0
798.12972239123,0,0,0
798.621170909485,0,0,0
799.112654215264,0,0,0
799.604172304086,0,0,0
800.09572517147,0,0,0
800.587312812935,0,0,0
801.078935223999,0,0,0
801.570592400181,0,0,0
802.062284336999,0,0,0
802.554011029974,0,0,0
803.045772474622,0,0,0
803.537568666464,0,0,0
804.029399601017,0,0,0
804.521265273801,0,0,0
805.013165680335,0,0,0
805.505100816136,0,0,0
805.997070676724,0,0,0
806.489075257617,0,0,0
806.981114554335,0,0,0
807.473188562396,0,0,0
807.965297277318,0,0,0
808.457440694622,0,0,0
808.949618809824,0,0,0
809.441831618444,0,0,0
809.934079116001,0,0,0
810.426361298013,0,0,0
810.91867816,0,0,0
811.41102969748,0,0,0
811.903415905971,0,0,0
812.395836780993,0,0,0
812.888292318064,0,0,0
813.380782512702,0,0,0
813.873307360428,0,0,0
814.365866856759,0,0,0
814.858460997214,0,0,0
815.351089777312,0,0,0
815.843753192572,0,0,0
816.336451238513,0,0,0
816.829183910652,0,0,0
817.321951204509,0,0,0
817.814753115603,0,0,0
818.307589639452,0,0,0
818.800460771575,0,0,0
819.293366507492,0,0,0
819.78630684272,0,0,0
820.279281772778,0,0,0
820.772291293185,0,0,0
821.265335399461,0,0,0
821.758414087122,0,0,0
822.25152735169,0,0,0
